index,mu
1,0.05
2,0.2721410950586887
3,0.20695311717021464
4,0.24735074327921802
5,0.25440742172166153
6,0.25423132862857406
7,0.2541102336194144
8,0.25374521455579846
9,0.25064318199859514
10,0.25427544304454247
11,0.25220964275555385
12,0.24051333923622156
13,0.2387940517822532
14,0.23270977668538012
15,0.2309369089655903
16,0.22850587861027719
17,0.2277958044885424
18,0.2267373307621445
19,0.22341728668142646
20,0.22135345936944972
21,0.22037285748769203
22,0.21930085122553114
23,0.21709797767939
24,0.21576218231830566
25,0.21426781825686628
26,0.2130394093056459
27,0.21185775514389638
28,0.21107669886172542
29,0.21119765637107976
30,0.21054852427833257
31,0.20977296676934093
32,0.20936835519423524
33,0.21060294362045007
34,0.21092352659668676
35,0.2112676578579325
36,0.21139170540977104
37,0.21191978330357045
38,0.2124819723884027
39,0.2126955975439089
40,0.21338598729212974
41,0.2143672599393219
42,0.21579619618634263
43,0.21700663673379253
44,0.21835953510254963
45,0.22026756366198064
46,0.2223136000183913
47,0.22415706442901911
48,0.22563292175332764
49,0.22869889746285216
50,0.2314331389355102
51,0.23358737993500336
52,0.23620042938264976
53,0.23929795505843046
54,0.24216158498506218
55,0.24564731738573028
56,0.24931610150864403
57,0.2526840088913602
58,0.2558056303892228
59,0.25940645482076496
60,0.2636118469822028
61,0.26729752764691517
62,0.2715806372708907
63,0.27626864824230446
64,0.2810481682318563
65,0.28607235190854097
66,0.29099662515492847
67,0.29564229848591705
68,0.30110283462729315
69,0.306071914282956
70,0.3108762027474089
71,0.316278871654136
72,0.3215296695686515
73,0.3271943338763642
74,0.3320211672614424
75,0.33744474905160005
76,0.3443046656016932
77,0.3503913272295305
78,0.3574892225975024
79,0.36326077899958376
80,0.36939043781278763
81,0.3754899571982804
82,0.38159126779183666
83,0.38740212427283705
84,0.3942991904808368
85,0.40116557115724727
86,0.4077120734881603
87,0.41415456700650555
88,0.4217117548415756
89,0.4290569599815771
90,0.43617499932908144
91,0.44468229215636645
92,0.45132164490302423
93,0.45911075140897367
94,0.4658475604975926
95,0.4736460794518573
96,0.4807695427288686
97,0.48784788627179576
98,0.4954682062573884
99,0.502745155131239
100,0.5104191810913653
101,0.5177884213423177
102,0.5260769387882838
103,0.5341882909709845
104,0.5412081784236149
105,0.5493194657137163
106,0.5569985457992477
107,0.5657078827068984
108,0.5737735534400875
109,0.5820508099391156
110,0.5900649385881698
111,0.5974404593252152
112,0.6048448364158306
113,0.6121736778833882
114,0.6200601916138355
115,0.6277742311498059
116,0.636351707263575
117,0.6445855827256017
118,0.6519054947049335
119,0.6594317206127822
120,0.6672153674587205
121,0.6759369079278754
122,0.6837820739356721
123,0.6915918573415514
124,0.6998381533850064
125,0.707691795300922
126,0.7143670471186807
127,0.7226417435535976
128,0.7315660082372644
129,0.7411015770769175
130,0.7494898713519969
131,0.7578131021094587
132,0.7664050439261779
133,0.7732403286199352
134,0.7806301176738534
135,0.7881700478952137
136,0.7958361150935094
137,0.8053985063394209
138,0.8123479573413014
139,0.8201750771186058
140,0.8284983205142169
141,0.8374634957099809
142,0.845172695914989
143,0.8518139440676882
144,0.8593513889330189
145,0.8666098448667856
146,0.8744036754414409
147,0.8815145626846248
148,0.8900266090494477
149,0.8971268990815826
150,0.9044487222975446
151,0.9121316186271617
152,0.9195719903760367
153,0.926244661768871
154,0.9337204533527992
155,0.9407109014680046
156,0.9488854531396098
157,0.9556721293612052
158,0.9621151736420379
159,0.9698145445150943
160,0.9777116576261661
161,0.9855401084167714
162,0.992431834330467
163,1.000080460493814
164,1.0073257216027842
165,1.015268692961923
166,1.02184480333811
167,1.0293598209187915
168,1.0359525919720967
169,1.0425729194801208
170,1.0496552128616092
171,1.0564541343426477
172,1.063559143967272
173,1.0706561373754324
174,1.0769118471897003
175,1.0837124457413692
176,1.0910943950266965
177,1.0970303234747392
178,1.1043196522989696
179,1.1107789401217347
180,1.1178859093566165
181,1.1246569540461313
182,1.13
183,1.13
184,1.13
185,1.13
186,1.13
187,1.13
188,1.13
189,1.13
190,1.13
191,1.13
192,1.13
193,1.13
194,1.13
195,1.13
196,1.13
197,1.13
198,1.13
199,1.13
200,1.13
201,1.13
202,1.13
203,1.13
204,1.13
205,1.13
206,1.13
207,1.13
208,1.13
209,1.13
210,1.13
211,1.13
212,1.13
213,1.13
214,1.13
215,1.13
216,1.13
217,1.13
218,1.13
219,1.13
220,1.13
221,1.13
222,1.13
223,1.13
224,1.13
225,1.13
226,1.13
227,1.13
228,1.13
229,1.13
230,1.13
231,1.13
232,1.13
233,1.13
234,1.13
235,1.13
236,1.13
237,1.13
238,1.13
239,1.13
240,1.13
241,1.13
242,1.13
243,1.13
244,1.13
245,1.13
246,1.13
247,1.13
248,1.13
249,1.13
250,1.13
251,1.13
252,1.13
253,1.13
254,1.13
255,1.13
256,1.13
257,1.13
258,1.13
259,1.13
260,1.13
261,1.13
262,1.13
263,1.13
264,1.13
265,1.13
266,1.13
267,1.13
268,1.13
269,1.13
270,1.13
271,1.13
272,1.13
273,1.13
274,1.13
275,1.13
276,1.13
277,1.13
278,1.13
279,1.13
280,1.13
281,1.13
282,1.13
283,1.13
284,1.13
285,1.13
286,1.13
287,1.13
288,1.13
289,1.13
290,1.13
291,1.13
292,1.13
293,1.13
294,1.13
295,1.13
296,1.13
297,1.13
298,1.13
299,1.13
300,1.13
301,1.13
302,1.13
303,1.13
304,1.13
305,1.13
306,1.13
307,1.13
308,1.13
309,1.13
310,1.13
311,1.13
312,1.13
313,1.13
314,1.13
315,1.13
316,1.13
317,1.13
318,1.13
319,1.13
320,1.13
321,1.13
322,1.13
323,1.13
324,1.13
325,1.13
326,1.13
327,1.13
328,1.13
329,1.13
330,1.13
331,1.13
332,1.13
333,1.13
334,1.13
335,1.13
336,1.13
337,1.13
338,1.13
339,1.13
340,1.13
341,1.13
342,1.13
343,1.13
344,1.13
345,1.13
346,1.13
347,1.13
348,1.13
349,1.13
350,1.13
351,1.13
352,1.13
353,1.13
354,1.13
355,1.13
356,1.13
357,1.13
358,1.13
359,1.13
360,1.13
361,1.13
362,1.13
363,1.13
364,1.13
365,1.13
366,1.13
367,1.13
368,1.13
369,1.13
370,1.13
371,1.13
372,1.13
373,1.13
374,1.13
375,1.13
376,1.13
377,1.13
378,1.13
379,1.13
380,1.13
381,1.13
382,1.13
383,1.13
384,1.13
385,1.13
386,1.13
387,1.13
388,1.13
389,1.13
390,1.13
391,1.13
392,1.13
393,1.13
394,1.13
395,1.13
396,1.13
397,1.13
398,1.13
399,1.13
400,1.13
401,1.13
402,1.13
403,1.13
404,1.13
405,1.13
406,1.13
407,1.13
408,1.13
409,1.13
410,1.13
411,1.13
412,1.13
413,1.13
414,1.13
415,1.13
416,1.13
417,1.13
418,1.13
419,1.13
420,1.13
421,1.13
422,1.13
423,1.13
424,1.13
425,1.13
426,1.13
427,1.13
428,1.13
429,1.13
430,1.13
431,1.13
432,1.13
433,1.13
434,1.13
435,1.13
436,1.13
437,1.13
438,1.13
439,1.13
440,1.13
441,1.13
442,1.13
443,1.13
444,1.13
445,1.13
446,1.13
447,1.13
448,1.13
449,1.13
450,1.13
451,1.13
452,1.13
453,1.13
454,1.13
455,1.13
456,1.13
457,1.13
458,1.13
459,1.13
460,1.13
461,1.13
462,1.13
463,1.13
464,1.13
465,1.13
466,1.13
467,1.13
468,1.13
469,1.13
470,1.13
471,1.13
472,1.13
473,1.13
474,1.13
475,1.13
476,1.13
477,1.13
478,1.13
479,1.13
480,1.13
481,1.13
482,1.13
483,1.13
484,1.13
485,1.13
486,1.13
487,1.13
488,1.13
489,1.13
490,1.13
491,1.13
492,1.13
493,1.13
494,1.13
495,1.13
496,1.13
497,1.13
498,1.13
499,1.13
500,1.13
501,1.13
502,1.13
503,1.13
504,1.13
505,1.13
506,1.13
507,1.13
508,1.13
509,1.13
510,1.13
511,1.13
512,1.13
513,1.13
514,1.13
515,1.13
516,1.13
517,1.13
518,1.13
519,1.13
520,1.13
521,1.13
522,1.13
523,1.13
524,1.13
525,1.13
526,1.13
527,1.13
528,1.13
529,1.13
530,1.13
531,1.13
532,1.13
533,1.13
534,1.13
535,1.13
536,1.13
537,1.13
538,1.13
539,1.13
540,1.13
541,1.13
542,1.13
543,1.13
544,1.13
545,1.13
546,1.13
547,1.13
548,1.13
549,1.13
550,1.13
551,1.13
552,1.13
553,1.13
554,1.13
555,0.8941703865316499
556,1.0369056148230618
557,1.05641682583471
558,1.042602462309692
559,1.0329907740127184
560,1.0195135755643072
561,1.0120186011487897
562,1.0032654345727736
563,0.9973739514183115
564,0.9910625086612169
565,0.987438398801942
566,0.9825034327823037
567,0.9752037216791927
568,0.9702415280120009
569,0.9669135921168993
570,0.9635068381156289
571,0.9593316975730224
572,0.9541792480090576
573,0.9505287529821648
574,0.9473692021809447
575,0.9433958560610668
576,0.9394226371957006
577,0.9356253031431047
578,0.930980987660898
579,0.9246067386480915
580,0.9194853644866019
581,0.9166991072532156
582,0.9130447990108016
583,0.9106038190257555
584,0.9071305373123917
585,0.901829452422945
586,0.8961221496286651
587,0.8898436648106764
588,0.8860066136704792
589,0.8807470786933335
590,0.8765104476782506
591,0.8706481147295815
592,0.8648418357323029
593,0.8601327534560957
594,0.8569720774917439
595,0.8518560602923183
596,0.8475132489520316
597,0.8429352176149565
598,0.8377518766919192
599,0.8332858435507018
600,0.8264330067592875
601,0.8208444375921663
602,0.8155756843788352
603,0.8096852697265249
604,0.8048248690073633
605,0.7979234305237178
606,0.7922351985562477
607,0.7857640998136846
608,0.7796486453922007
609,0.7744969167577385
610,0.7688398343637333
611,0.762409356699719
612,0.7554730359738417
613,0.748894539103873
614,0.742067797767543
615,0.7363519039627435
616,0.7291365597300825
617,0.7215845563630892
618,0.7147000018705261
619,0.7094736615191684
620,0.7031336449646683
621,0.6969045231762478
622,0.691252997270507
623,0.6854143391986713
624,0.6799713896919353
625,0.6741056942025059
626,0.6683793991764748
627,0.6624156545168463
628,0.6568580219757985
629,0.651427093192251
630,0.6459481608524775
631,0.6408859442045216
632,0.6365532206822788
633,0.6311843420968148
634,0.6262853032074436
635,0.6212443428315546
636,0.6160110922997015
637,0.6114439575562847
638,0.6071745583896149
639,0.6033198492497904
640,0.5990584781206278
641,0.5940827328203524
642,0.5895788037896188
643,0.5849328994431773
644,0.5800695589184961
645,0.5759803418267153
646,0.5715573064623467
647,0.5668989734544527
648,0.5632411358882459
649,0.5595820578832855
650,0.5557252061953104
651,0.5517863882981706
652,0.5482353069887633
653,0.5446720010665982
654,0.5416083352487917
655,0.5383897991495459
656,0.5347391173590581
657,0.5307731550539485
658,0.5274211992745941
659,0.5235002741801928
660,0.5201814883938034
661,0.5170649722296929
662,0.5135904753092289
663,0.5106244229875367
664,0.5069907474887072
665,0.5040060707641003
666,0.5009517634723808
667,0.4978986745181717
668,0.49517060343078034
669,0.4920561866640343
670,0.48918319270597577
671,0.4859333422642691
672,0.4833108790617835
673,0.4805190368917469
674,0.4779648769949596
675,0.4753762593829882
676,0.4727341318735365
677,0.470142719424804
678,0.46769927941683775
679,0.46507856435197614
680,0.4621785237304763
681,0.4597565821198051
682,0.4573220154177968
683,0.45516549162002895
684,0.4526184820340924
685,0.45036006884736146
686,0.4481953754576431
687,0.4461080920021585
688,0.443759411807622
689,0.4415198300572043
690,0.43960778312971494
691,0.4372642819592931
692,0.43521966763964515
693,0.43322757341979523
694,0.4312402228724921
695,0.4291701799988614
696,0.42726050330605725
697,0.4252494878652924
698,0.42322091806377604
699,0.4212605419390878
700,0.4193152720300646
701,0.4174119987846767
702,0.41552297559102036
703,0.41390134256805355
704,0.41215742775116393
705,0.4104257953959318
706,0.40857653980728914
707,0.4070311610750732
708,0.4053562429266575
709,0.4037416980255677
710,0.4020848376383883
711,0.40041921809563985
712,0.39876409984937067
713,0.3972606867440911
714,0.3957743684153592
715,0.39433491448856683
716,0.39275232998588305
717,0.3912776056890481
718,0.3898837820188761
719,0.3882998376664828
720,0.38689226720733805
721,0.3854931853120296
722,0.3841648339550272
723,0.3828430896530357
724,0.3814508494796631
725,0.3802196274889753
726,0.3788253482424624
727,0.37750229163739935
728,0.3762830032920552
729,0.37503799175265584
730,0.37385431347658526
731,0.37256857298758383
732,0.3713259676695988
733,0.37018365372166895
734,0.3690248160300176
735,0.36780379605759506
736,0.36669078210856076
737,0.36558215554641316
738,0.36449059520966
739,0.36347467588826854
740,0.362414897268166
741,0.3612522528287043
742,0.36029620256353234
743,0.3592028083482697
744,0.3581141352619581
745,0.35719481464838054
746,0.35615284603437414
747,0.3552134097253903
748,0.3541989029964898
749,0.3532766832069074
750,0.3522957960591033
751,0.3513317990494127
752,0.350380476060117
753,0.34954697461822737
754,0.34871088951768336
755,0.34775914168576727
756,0.3468909349489806
757,0.34614953069057863
758,0.3453352059748771
759,0.34449610402913855
760,0.3437212857587142
761,0.3428331061375445
762,0.3420112650717233
763,0.3412183093662915
764,0.340433475966601
765,0.33972122525731985
766,0.338929325400239
767,0.3381949534847464
768,0.3374300463993738
769,0.3366444492566729
770,0.3359702110583336
771,0.3352275118752692
772,0.3345300518096592
773,0.3338505815865027
774,0.3331038601401235
775,0.3323746201992275
776,0.3316954687786795
777,0.3310587262902043
778,0.3304441971723526
779,0.32981947433041836
780,0.3291660899929636
781,0.3284779526603352
782,0.3278049477960654
783,0.32725155492929936
784,0.3266557696594845
785,0.3260555195763104
786,0.32540406229230445
787,0.3248614231943978
788,0.32425917992086184
789,0.3236297708635627
790,0.3231013861189356
791,0.32251225374242165
792,0.32193046474000875
793,0.3213879688629886
794,0.3208752777979593
795,0.3203437125989441
796,0.31974750219435455
797,0.319218073447318
798,0.31868482198055603
799,0.31814974832165577
800,0.3176926613737865
801,0.31717947833871785
802,0.3166232353532692
803,0.3161933247362767
804,0.31565348136835203
805,0.31525552118081146
806,0.31480872673320626
807,0.31436106964956534
808,0.31386742831179193
809,0.3134503004184137
810,0.31295683583831924
811,0.31256321778860885
812,0.3121364291711648
813,0.31162846899869634
814,0.31121998108961657
815,0.31073014952103484
816,0.3103803914849612
817,0.3099908620712042
818,0.3095708811488258
819,0.30911768290199526
820,0.3086252020039746
821,0.308168368728412
822,0.307768002855473
823,0.307417647376242
824,0.30707032775334664
825,0.3067196916290753
826,0.3063249126490173
827,0.3059492578606602
828,0.3056152138889192
829,0.30524352417963807
830,0.3049393615621765
831,0.30456123742039476
832,0.30417102169185095
833,0.30378267371106915
834,0.303424679035907
835,0.3031050242560165
836,0.3027277185703181
837,0.3023989884869147
838,0.30206162606615994
839,0.30178043158066004
840,0.3014895290678987
841,0.3011430581631438
842,0.3007915800004137
843,0.3004883249146475
844,0.30019872641185086
845,0.29987816104698295
846,0.2995532126667091
847,0.2992953676795689
848,0.29896049780462763
849,0.2986463093232088
850,0.29834759684215495
851,0.29806484684882983
852,0.29781898290282904
853,0.29756026453313655
854,0.29730433338124906
855,0.29704493309392177
856,0.29674848861776537
857,0.2964483614660198
858,0.2961360650386695
859,0.2958846859079105
860,0.2956598734433369
861,0.29539448459335915
862,0.29512019147756186
863,0.29483989655203313
864,0.2946065943544296
865,0.2943903922233533
866,0.2941220182141666
867,0.2938663776593915
868,0.2936451916910683
869,0.29337553445257725
870,0.2931421891747188
871,0.2929130578102168
872,0.2926679327222157
873,0.29244077648710176
874,0.2922307669835491
875,0.2919702155634418
876,0.2917484103198358
877,0.29152541420104505
878,0.29131881412104943
879,0.2910802744742611
880,0.2908407980981682
881,0.2906081951530646
882,0.2904320790589521
883,0.29022279209433965
884,0.2900171263695279
885,0.28983640738394634
886,0.28962161744667103
887,0.28941254703864994
888,0.2891977692644099
889,0.28896152251288476
890,0.2887796467420065
891,0.2886081246215346
892,0.28841513600666757
893,0.2882343889586947
894,0.2880325525529064
895,0.28781736156055726
896,0.2875967652728584
897,0.28742776713338447
898,0.28721459568240304
899,0.28698313227695915
900,0.28679829840784743
901,0.2866442301324301
902,0.2864975594085599
903,0.28631864419233954
904,0.28612751907589495
905,0.28597100124071617
906,0.28579457731508295
907,0.2855876351863753
908,0.28544896755922156
909,0.2852833241583548
910,0.28509993050485916
911,0.2849586958357333
912,0.2848042127828374
913,0.2846534184891971
914,0.2844839976614151
915,0.2843185453965311
916,0.284123913188977
917,0.28396910428264266
918,0.28382552906169
919,0.2836805790884127
920,0.28348747412070563
921,0.28329163533518953
922,0.28314338296151065
923,0.28299711972594577
924,0.2828470126993461
925,0.28271501907929686
926,0.2825879183526785
927,0.2824602598590895
928,0.2823321103999028
929,0.2822039667224072
930,0.2820954980515873
931,0.2819456215355811
932,0.28181764138006327
933,0.28169778320403216
934,0.28151045707593325
935,0.281384931838623
936,0.2812324049185624
937,0.2810917239544273
938,0.28098682778508066
939,0.2808463007722186
940,0.2806829330738936
941,0.280532229473182
942,0.28040043986022045
943,0.2802334842588905
944,0.2801177699193751
945,0.2799952486729089
946,0.27983789583530405
947,0.27968334761358604
948,0.2795741540090686
949,0.279468638778843
950,0.27932498124484817
951,0.2792133851356631
952,0.2790996609958083
953,0.27897921286956295
954,0.2788800180350375
955,0.27878155722639963
956,0.2786438580631845
957,0.2785500081717507
958,0.27844369197068297
959,0.27832292450083274
960,0.2782139037863349
961,0.27810953461194354
962,0.27798366139740405
963,0.2779170038338794
964,0.2778269623084306
965,0.27771541107574715
966,0.2775927486828602
967,0.2775026121874675
968,0.27737892997909896
969,0.2772839367009483
970,0.2771625405332374
971,0.2770947217818287
972,0.2770043901666841
973,0.2768781521946395
974,0.2767642962750885
975,0.27671871468905507
976,0.2766370304323802
977,0.2765643738090413
978,0.2764899780824501
979,0.27638691203469845
980,0.2762670526816835
981,0.2761933667669758
982,0.27605861157165545
983,0.27593503968562216
984,0.2758393970017896
985,0.27573050745961947
986,0.2756488035791056
987,0.27556600679755694
988,0.27546940652355545
989,0.2753786512266925
990,0.27530671484676184
991,0.2751907712128254
992,0.27511067684248736
993,0.27498629903348526
994,0.2748886319362649
995,0.27479989556171214
996,0.27471600281892083
997,0.2746498042215222
998,0.27454191198648803
999,0.27447760970963087
1000,0.2743940296346594
1001,0.27434414789143213
1002,0.2742764620177278
1003,0.2741814174271824
1004,0.2740924758346528
1005,0.274019202198756
1006,0.27393515604138385
1007,0.2738519383013558
1008,0.2737682975232365
1009,0.27370421777747667
1010,0.273626633182684
1011,0.27353593438605706
1012,0.27342219215252883
1013,0.27334014426376996
1014,0.27320378207631024
1015,0.27314262408746726
1016,0.2730453310757388
1017,0.2729548652511171
1018,0.27287278490233446
1019,0.2727594524759782
1020,0.2727025469051194
1021,0.27260600537051904
1022,0.27252527149996
1023,0.27242601334764105
1024,0.27236344994780937
1025,0.27229131333103274
1026,0.2722259179414226
1027,0.27215746356962844
1028,0.2720836564022202
1029,0.2720119893850792
1030,0.27193468729239
1031,0.2718415148502684
1032,0.27178336739326703
1033,0.2717063446047654
1034,0.2716336080521695
1035,0.2715441279152655
1036,0.2714993610040928
1037,0.27146060474174183
1038,0.2714134176080478
1039,0.2713372941433767
1040,0.2712808057857645
1041,0.27122813444529714
1042,0.27119898263392517
1043,0.2711453100077199
1044,0.27109395229537525
1045,0.2710458616265641
1046,0.2709641285819415
1047,0.2708870541252617
1048,0.2708470214743173
1049,0.27078520751270485
1050,0.27072530942800443
1051,0.27066450817136034
1052,0.27057181645132
1053,0.2705103683870471
1054,0.2704854270230317
1055,0.2704336089722972
1056,0.2703593441587411
1057,0.27028433456013246
1058,0.2702141111028269
1059,0.27014596517405987
1060,0.2701234172600624
1061,0.27006657910593224
1062,0.2700215683592835
1063,0.2699563265111298
1064,0.26988277832634755
1065,0.26983850839179024
1066,0.2697914340873746
1067,0.2697267597215349
1068,0.26965790248893917
1069,0.26959813964711077
1070,0.269539304798772
1071,0.2694843345148996
1072,0.26942574787432383
1073,0.2693835085515157
1074,0.2692912573354018
1075,0.2692414887385539
1076,0.26916164024952804
1077,0.2690963893852767
1078,0.2690479755084618
1079,0.26899331767122936
1080,0.2689324007556142
1081,0.26888184277838345
1082,0.26881197714124583
1083,0.26873716862035524
1084,0.2687043640807225
1085,0.2686565146820554
1086,0.268585897736483
1087,0.2685552144008445
1088,0.2685276188568706
1089,0.26848259565729404
1090,0.26844160762922664
1091,0.26838254268789985
1092,0.26832376982374306
1093,0.26828980707214733
1094,0.2682621718152156
1095,0.2682107210029452
1096,0.2681593398145732
1097,0.2681089070948872
1098,0.2680741302451106
1099,0.2680078155202499
1100,0.2679633776862502
1101,0.26792539210478084
1102,0.26789132683072725
1103,0.2678372989262183
1104,0.26778017402998433
1105,0.26773398191112663
1106,0.2676519256353227
1107,0.2676303780774776
1108,0.2675886923607891
1109,0.26752317548658655
1110,0.2674876641012929
1111,0.2674329333189138
1112,0.2673996129483709
1113,0.267337317207313
1114,0.267296795164641
1115,0.26725843596048926
1116,0.267224413635452
1117,0.26717795142520084
1118,0.267100737950978
1119,0.2670719395101975
1120,0.26701187896511125
1121,0.2669901506385546
1122,0.2669531010564228
1123,0.2669220359349429
1124,0.2668670228847534
1125,0.2668382962093965
1126,0.2668042594528579
1127,0.26675285147995065
1128,0.2666782236296077
1129,0.2666601167766398
1130,0.2666420559623941
1131,0.26659987035742216
1132,0.26654595561410477
1133,0.26648921734266606
1134,0.2664370595210035
1135,0.26639866823414193
1136,0.266338028183138
1137,0.26628685378932615
1138,0.2662447893719335
1139,0.2662027131956384
1140,0.26615631580682364
1141,0.2661064657493808
1142,0.26604105662121613
1143,0.266007389782823
1144,0.26597086833720973
1145,0.26593361463349785
1146,0.26590268971902953
1147,0.2658713514212403
1148,0.26583525211676573
1149,0.26576976485322024
1150,0.2657041819536723
1151,0.26567845260646195
1152,0.2656355595814208
1153,0.26563382780909084
1154,0.26557175331529304
1155,0.2655315386375825
1156,0.2654976921599721
1157,0.2654483022521381
1158,0.265412475273223
1159,0.2653427756573832
1160,0.2653177158631035
1161,0.26529024714692584
1162,0.2652325852402322
1163,0.26519327670980575
1164,0.2651313777275137
1165,0.26509409282651775
1166,0.2650480646933533
1167,0.26501628694514334
1168,0.26495527538644525
1169,0.26495799656336616
1170,0.2649343756117366
1171,0.26489156695285887
1172,0.2648415447064092
1173,0.2648069305705363
1174,0.26476155353889474
1175,0.2647319416543481
1176,0.2646888709729578
1177,0.26466093183078354
1178,0.2645925201220698
1179,0.26455530671744687
1180,0.2645153468580552
1181,0.2644754596661054
1182,0.26441185209293483
1183,0.2643772112761307
1184,0.26433697192052774
1185,0.26432955439430406
1186,0.26432322093999083
1187,0.2642913881288258
1188,0.26422381731182787
1189,0.26419689142913727
1190,0.26415286718122366
1191,0.2641129143969241
1192,0.264082292110807
1193,0.26403794750877996
1194,0.2640275667613423
1195,0.2639735864112458
1196,0.26393690817183013
1197,0.26389804910925463
1198,0.2638920569574552
1199,0.26384015715072895
1200,0.26381234552516775
1201,0.2637722771289017
1202,0.2637609871118505
1203,0.26372806111133573
1204,0.2636963646631949
1205,0.2636639537691594
1206,0.2636705017629586
1207,0.26364741112298473
1208,0.26360487679628153
1209,0.26357704544091276
1210,0.26354772502951507
1211,0.26354102377710387
1212,0.2634921353095965
1213,0.26346454069050496
1214,0.26343898285221834
1215,0.26340888131633533
1216,0.26336102988239585
1217,0.2633174650033969
1218,0.26327923933741926
1219,0.26325579372982144
1220,0.2632454814666001
1221,0.26317083583191625
1222,0.24491440829676314
1223,0.257512997200967
1224,0.27686528919586206
1225,0.2859792224959089
1226,0.2903293993085321
1227,0.2925822044317984
1228,0.2936301493155138
1229,0.29390525271866874
1230,0.2936359032667333
1231,0.2931196197371444
1232,0.2925864747850747
1233,0.2922197100577878
1234,0.2921215415932261
1235,0.2922512941528218
1236,0.29241383820169964
1237,0.29235239327186346
1238,0.2923057248083638
1239,0.2923497492456807
1240,0.29241650895147586
1241,0.2927178376729789
1242,0.2931056396860783
1243,0.29347046112721287
1244,0.29377476028021987
1245,0.2941553188031778
1246,0.2945759793088315
1247,0.2951534385233714
1248,0.2957305952587883
1249,0.29623986152234205
1250,0.2968554302914942
1251,0.29750277763256383
1252,0.2981194862395822
1253,0.29870855399172414
1254,0.2995935154812075
1255,0.30041006650213575
1256,0.30125993540083285
1257,0.30204668410531965
1258,0.30292162076416873
1259,0.30399868626222326
1260,0.30492600596844166
1261,0.3059322766535949
1262,0.30692249491777646
1263,0.30792868131601103
1264,0.3091590002822485
1265,0.3103393729149949
1266,0.3116141993923266
1267,0.31289366189150813
1268,0.3142338734944107
1269,0.3155612125574354
1270,0.31681524411487616
1271,0.3182160600970688
1272,0.31961363544715515
1273,0.32116393774297736
1274,0.3226989761578557
1275,0.32425157664304904
1276,0.32572584686712924
1277,0.3273354089952786
1278,0.32897232860974757
1279,0.3308950675574919
1280,0.33257115841655016
1281,0.3344758029953083
1282,0.33648239152655046
1283,0.3382674975173714
1284,0.34028639758158685
1285,0.34235419925532873
1286,0.34456060128746147
1287,0.34690482442381254
1288,0.34910429528692843
1289,0.35138585133599853
1290,0.3539109265566901
1291,0.3562017090823961
1292,0.3587024898561805
1293,0.36117861165853227
1294,0.3637804577671423
1295,0.3666033453480896
1296,0.369190361054894
1297,0.3719084075568422
1298,0.37468805229594027
1299,0.3774184411043523
1300,0.38040995747366724
1301,0.3833562806575699
1302,0.3862386345472151
1303,0.3891773038401247
1304,0.39236790907788854
1305,0.3955673426450128
1306,0.3986319418576706
1307,0.4017679393721061
1308,0.4048820976033487
1309,0.4080036983319866
1310,0.4115085391763722
1311,0.4154383639447311
1312,0.4190356592042681
1313,0.42263728688196134
1314,0.42623511965757155
1315,0.4298552803591621
1316,0.4335511572438374
1317,0.43736563515489724
1318,0.44143983359255534
1319,0.44551737983075523
1320,0.44956437638191593
1321,0.4536494614625868
1322,0.4577758302232584
1323,0.4619885615960234
1324,0.46620625423168216
1325,0.47054883340751896
1326,0.475002742082715
1327,0.4796310765065701
1328,0.48464142232554075
1329,0.48907845533766525
1330,0.49363738713078875
1331,0.49832831729083404
1332,0.5033195781248196
1333,0.5081667312597605
1334,0.5128673322005305
1335,0.517761948601917
1336,0.5230593159829688
1337,0.5278173722286061
1338,0.533035883775952
1339,0.5381598720561875
1340,0.5430959007227131
1341,0.548099601776337
1342,0.5528872321275629
1343,0.5579168904051621
1344,0.5625295057318501
1345,0.5671141259961976
1346,0.5720819569038476
1347,0.5767318342597882
1348,0.58121418006178
1349,0.5856402985933438
1350,0.5897254483560044
1351,0.5941873444051851
1352,0.5981019524479163
1353,0.6026609805511413
1354,0.6071251734425398
1355,0.6123419433573816
1356,0.6163395376755396
1357,0.6208967623098964
1358,0.6253581598548237
1359,0.62976978893597
1360,0.6340369755432229
1361,0.6391686746294041
1362,0.6433020374826768
1363,0.6478049168107527
1364,0.6520241090049843
1365,0.6564611192458553
1366,0.6610463028567678
1367,0.6656782912897102
1368,0.6702224749101047
1369,0.6747331336611291
1370,0.6794304799718476
1371,0.6839254294839036
1372,0.6877258008775382
1373,0.69181923883024
1374,0.6960649544075908
1375,0.7003471214153932
1376,0.7043163353145137
1377,0.7084830229884447
1378,0.7122804095887258
1379,0.7157029152449098
1380,0.7195865640774023
1381,0.7235250409209214
1382,0.7272504422643368
1383,0.730903038915705
1384,0.734901236145908
1385,0.7385087639678725
1386,0.7422554732144615
1387,0.7457392393820433
1388,0.7497115168547802
1389,0.7528901939273295
1390,0.756413152017497
1391,0.7595515768921995
1392,0.7631158032176524
1393,0.7668981264730689
1394,0.7703202713620622
1395,0.7739192661128997
1396,0.7777786172636773
1397,0.781293038421407
1398,0.7848078652456406
1399,0.7880126190057356
1400,0.7914789680591796
1401,0.7950308033084713
1402,0.7981592955105078
1403,0.8015059629070057
1404,0.8045640463774637
1405,0.8076486267507201
1406,0.8108283027393687
1407,0.8141078815979934
1408,0.8169905034098071
1409,0.8202582030746414
1410,0.8232607590455563
1411,0.8263975507328813
1412,0.8292138496191659
1413,0.8322382800130804
1414,0.8355802359002824
1415,0.8384311462505689
1416,0.8411426793105293
1417,0.8447690634434872
1418,0.8475832967865122
1419,0.850105540370285
1420,0.8529776362701397
1421,0.8556794116124324
1422,0.8586789561597157
1423,0.8614165653019092
1424,0.8640362159078965
1425,0.8666993868037366
1426,0.8694990422780244
1427,0.8720075175652274
1428,0.8743492518313867
1429,0.8769282783839009
1430,0.879541836351435
1431,0.8823251446302164
1432,0.884705627263102
1433,0.8874618479075169
1434,0.8898003813259824
1435,0.8917515335776407
1436,0.8945317111800218
1437,0.8974258165559352
1438,0.9001629702267883
1439,0.9028699072195654
1440,0.9049490970471215
1441,0.9072125386988895
1442,0.9093423344084279
1443,0.9116265519085871
1444,0.9140172006557471
1445,0.9163935717093703
1446,0.9186781267583496
1447,0.9207141011743949
1448,0.9230459543208593
1449,0.9251298403708128
1450,0.9276386163114085
1451,0.9296711267700735
1452,0.931817620265839
1453,0.9340928654336407
1454,0.9362058712089532
1455,0.9384620444401556
1456,0.9410238377138861
1457,0.9426803614679272
1458,0.9446198065742447
1459,0.9462928666874781
1460,0.9482911516244197
1461,0.9498423972962091
1462,0.9516020585454064
1463,0.9536438483625487
1464,0.9554948874526437
1465,0.9578266286897448
1466,0.9595955176311761
1467,0.9616673390001368
1468,0.9638397430559843
1469,0.9655161897192155
1470,0.9674008311977906
1471,0.9688075671611529
1472,0.9708161368490488
1473,0.9726872501762964
1474,0.9743235302254538
1475,0.975506699054961
1476,0.9770449500819072
1477,0.9789825079678443
1478,0.9804494116121337
1479,0.9819116257365188
1480,0.9834099463475927
1481,0.984857994218854
1482,0.9868337805174678
1483,0.9888326186978293
1484,0.9905084661253255
1485,0.9923733916593912
1486,0.9940638074186512
1487,0.9955619551129353
1488,0.996869699942797
1489,0.9985631297865698
1490,1.0005129721558537
1491,1.0015577443148767
1492,1.003131800343962
1493,1.0043634660773448
1494,1.0060080468832227
1495,1.0071843444262003
1496,1.0087278549890013
1497,1.0104334430053639
1498,1.0117388865596868
1499,1.013399708631209
1500,1.014751157614229
1501,1.0163582881968307
1502,1.018427793451969
1503,1.0204439355709187
1504,1.0222772637054656
1505,1.0240630544993743
1506,1.0256692511472756
1507,1.0273191600621259
1508,1.0291684764419797
1509,1.0311961805023633
1510,1.0332629636424873
1511,1.0354411331257767
1512,1.0371852238420742
1513,1.038764784135613
1514,1.0404996573184997
1515,1.042308227687362
1516,1.04413507741057
1517,1.0456898904078964
1518,1.0474564192727012
1519,1.0490151178415479
1520,1.0507741754392608
1521,1.0527831559735679
1522,1.0548907303832973
1523,1.056904896446758
1524,1.0590067985626455
1525,1.0611357845306584
1526,1.0633158752253007
1527,1.0652482779065817
1528,1.0670779397006702
1529,1.0692002307941646
1530,1.07108229684252
1531,1.0725879684862538
1532,1.074088626375974
1533,1.0755140423867
1534,1.0774568996428064
1535,1.079185623108327
1536,1.081274056039503
1537,1.0828880601793072
1538,1.0847761927846271
1539,1.0863618028331266
1540,1.0880685856773413
1541,1.0894779289122252
1542,1.0910508204974074
1543,1.0929705979839905
1544,1.0947459873573973
1545,1.09668447663137
1546,1.098487160214702
1547,1.100035644178373
1548,1.1016056260508433
1549,1.102928743119949
1550,1.1047144390198391
1551,1.1062344615582786
1552,1.1075666976296947
1553,1.109156346071708
1554,1.1106523453164372
1555,1.1119561548961394
1556,1.113564221376874
1557,1.1156652350514018
1558,1.1175847695944237
1559,1.1192480730533916
1560,1.1204737780595053
1561,1.121800892083558
1562,1.123437377331442
1563,1.125058090624927
1564,1.1269747602222515
1565,1.1281895104856186
1566,1.1294250292405117
1567,1.13
1568,1.13
1569,1.13
1570,1.13
1571,1.13
1572,1.13
1573,1.13
1574,1.13
1575,1.13
1576,1.13
1577,1.13
1578,1.13
1579,1.13
1580,1.13
1581,1.13
1582,1.13
1583,1.13
1584,1.13
1585,1.13
1586,1.13
1587,1.13
1588,1.13
1589,1.13
1590,1.13
1591,1.13
1592,1.13
1593,1.13
1594,1.13
1595,1.13
1596,1.13
1597,1.13
1598,1.13
1599,1.13
1600,1.13
1601,1.13
1602,1.13
1603,1.13
1604,1.13
1605,1.13
1606,1.13
1607,1.13
1608,1.13
1609,1.13
1610,1.13
1611,1.13
1612,1.13
1613,1.13
1614,1.13
1615,1.13
1616,1.13
1617,1.13
1618,1.13
1619,1.13
1620,1.13
1621,1.13
1622,1.13
1623,1.13
1624,1.13
1625,1.13
1626,1.13
1627,1.13
1628,1.13
1629,1.13
1630,1.13
1631,1.13
1632,1.13
1633,1.13
1634,1.13
1635,1.13
1636,1.13
1637,1.13
1638,1.13
1639,1.13
1640,1.13
1641,1.13
1642,1.13
1643,1.13
1644,1.13
1645,1.13
1646,1.13
1647,1.13
1648,1.13
1649,1.13
1650,1.13
1651,1.13
1652,1.13
1653,1.13
1654,1.13
1655,1.13
1656,1.13
1657,1.13
1658,1.13
1659,1.13
1660,1.13
1661,1.13
1662,1.13
1663,1.13
1664,1.13
1665,1.13
1666,1.13
1667,1.13
1668,1.13
1669,1.13
1670,1.13
1671,1.13
1672,1.13
1673,1.13
1674,1.13
1675,1.13
1676,1.13
1677,1.13
1678,1.13
1679,1.13
1680,1.13
1681,1.13
1682,1.13
1683,1.13
1684,1.13
1685,1.13
1686,1.13
1687,1.13
1688,1.13
1689,1.13
1690,1.13
1691,1.13
1692,1.13
1693,1.13
1694,1.13
1695,1.13
1696,1.13
1697,1.13
1698,1.13
1699,1.13
1700,1.13
1701,1.13
1702,1.13
1703,1.13
1704,1.13
1705,1.13
1706,1.13
1707,1.13
1708,1.13
1709,1.13
1710,1.13
1711,1.13
1712,1.13
1713,1.13
1714,1.13
1715,1.13
1716,1.13
1717,1.13
1718,1.13
1719,1.13
1720,1.13
1721,1.13
1722,1.13
1723,1.13
1724,1.13
1725,1.13
1726,1.13
1727,1.13
1728,1.13
1729,1.13
1730,1.13
1731,1.13
1732,1.13
1733,1.13
1734,1.13
1735,1.13
1736,1.13
1737,1.13
1738,1.13
1739,1.13
1740,1.13
1741,1.13
1742,1.13
1743,1.13
1744,1.13
1745,1.13
1746,1.13
1747,1.13
1748,1.13
1749,1.13
1750,1.13
1751,1.13
1752,1.13
1753,1.13
1754,1.13
1755,1.13
1756,1.13
1757,1.13
1758,1.13
1759,1.13
1760,1.13
1761,1.13
1762,1.13
1763,1.13
1764,1.13
1765,1.13
1766,1.13
1767,1.13
1768,1.13
1769,1.13
1770,1.13
1771,1.13
1772,1.13
1773,1.13
1774,1.13
1775,1.13
1776,1.13
1777,1.13
1778,1.13
1779,1.13
1780,1.13
1781,1.13
1782,1.13
1783,1.13
1784,1.13
1785,1.13
1786,1.13
1787,1.13
1788,1.13
1789,1.13
1790,1.13
1791,1.13
1792,1.13
1793,1.13
1794,1.13
1795,1.13
1796,1.13
1797,1.13
1798,1.13
1799,1.13
1800,1.13
1801,1.13
1802,1.13
1803,1.13
1804,1.13
1805,1.13
1806,1.13
1807,1.13
1808,1.13
1809,1.13
1810,1.13
1811,1.13
1812,1.13
1813,1.13
1814,1.13
1815,1.13
1816,1.13
1817,1.13
1818,1.13
1819,1.13
1820,1.13
1821,1.13
1822,1.13
1823,1.13
1824,1.13
1825,1.13
1826,1.13
1827,1.13
1828,1.13
1829,1.13
1830,1.13
1831,1.13
1832,1.13
1833,1.13
1834,1.13
1835,1.13
1836,1.13
1837,1.13
1838,1.13
1839,1.13
1840,1.13
1841,1.13
1842,1.13
1843,1.13
1844,1.13
1845,1.13
1846,1.13
1847,1.13
1848,1.13
1849,1.13
1850,1.13
1851,1.13
1852,1.13
1853,1.13
1854,1.13
1855,1.13
1856,1.13
1857,1.13
1858,1.13
1859,1.13
1860,1.13
1861,1.13
1862,1.13
1863,1.13
1864,1.13
1865,1.13
1866,1.13
1867,1.13
1868,1.13
1869,1.13
1870,1.13
1871,1.13
1872,1.13
1873,1.13
1874,1.13
1875,1.13
1876,1.13
1877,1.13
1878,1.13
1879,1.13
1880,1.13
1881,1.13
1882,1.13
1883,1.13
1884,1.13
1885,1.13
1886,1.13
1887,1.13
1888,1.13
1889,1.13
1890,1.13
1891,1.13
1892,1.13
1893,1.13
1894,1.13
1895,1.13
1896,1.13
1897,1.13
1898,1.13
1899,1.13
1900,1.13
1901,1.13
1902,1.13
1903,1.13
1904,1.13
1905,1.13
1906,1.13
1907,1.13
1908,1.13
1909,1.13
1910,1.13
1911,1.13
1912,1.13
1913,1.13
1914,1.13
1915,1.13
1916,1.13
1917,1.13
1918,1.13
1919,1.13
1920,1.13
1921,1.13
1922,1.13
1923,1.13
1924,1.13
1925,1.13
1926,1.13
1927,1.13
1928,1.13
1929,1.13
1930,1.13
1931,1.13
1932,1.13
1933,1.13
1934,1.13
1935,1.13
1936,1.13
1937,1.13
1938,1.13
1939,1.13
1940,1.13
1941,1.13
1942,1.13
1943,1.13
1944,1.13
1945,1.13
1946,1.13
1947,1.13
1948,1.13
1949,1.13
1950,1.13
1951,1.13
1952,1.13
1953,1.13
1954,1.13
1955,1.13
1956,1.13
1957,1.13
1958,1.13
1959,1.13
1960,1.13
1961,1.13
1962,1.13
1963,1.13
1964,1.13
1965,1.13
1966,1.13
1967,1.13
1968,1.13
1969,1.13
1970,1.13
1971,1.13
1972,1.13
1973,1.13
1974,1.13
1975,1.13
1976,1.13
1977,1.13
1978,1.13
1979,1.13
1980,1.13
1981,1.13
1982,1.13
1983,1.13
1984,1.13
1985,1.13
1986,1.13
1987,1.13
1988,1.13
1989,1.13
1990,1.13
1991,1.13
1992,1.13
1993,1.13
1994,1.13
1995,1.13
1996,1.13
1997,1.13
1998,1.13
1999,1.13
2000,1.13
2001,1.13
2002,1.13
2003,1.13
2004,1.13
2005,1.13
2006,1.13
2007,1.13
2008,1.13
2009,1.13
2010,1.13
2011,1.13
2012,1.13
2013,1.13
2014,1.13
2015,1.13
2016,1.13
2017,1.13
2018,1.13
2019,1.13
2020,1.13
2021,1.13
2022,1.13
2023,1.13
2024,1.13
2025,1.13
2026,1.13
2027,1.13
2028,1.13
2029,1.13
2030,1.13
2031,1.13
2032,1.13
2033,1.13
2034,1.13
2035,1.13
2036,1.13
2037,1.13
2038,1.13
2039,1.13
2040,1.13
2041,1.13
2042,1.13
2043,1.13
2044,1.13
2045,1.13
2046,1.13
2047,1.13
2048,1.13
2049,1.13
2050,1.13
2051,1.13
2052,1.13
2053,1.13
2054,1.13
2055,1.13
2056,1.13
2057,1.13
2058,1.13
2059,1.13
2060,1.13
2061,1.13
2062,1.13
2063,1.13
2064,1.13
2065,1.13
2066,1.13
2067,1.13
2068,1.13
2069,1.13
2070,1.13
2071,1.13
2072,1.13
2073,1.13
2074,1.13
2075,1.13
2076,1.13
2077,1.13
2078,1.13
2079,1.13
2080,1.13
2081,1.13
2082,1.13
2083,1.13
2084,1.13
2085,1.13
2086,1.13
2087,1.13
2088,1.13
2089,1.13
2090,1.13
2091,1.13
2092,1.13
2093,1.13
2094,1.13
2095,1.13
2096,1.13
2097,1.13
2098,1.13
2099,1.13
2100,1.13
2101,1.13
2102,1.13
2103,1.13
2104,1.13
2105,1.13
2106,1.13
2107,1.13
2108,1.13
2109,1.13
2110,1.13
2111,1.13
2112,1.13
2113,1.13
2114,1.13
2115,1.13
2116,1.13
2117,1.13
2118,1.13
2119,1.13
2120,1.13
2121,1.13
2122,1.13
2123,1.13
2124,1.13
2125,1.13
2126,1.13
2127,1.13
2128,1.13
2129,1.13
2130,1.13
2131,1.13
2132,1.13
2133,1.13
2134,1.13
2135,1.13
2136,1.13
2137,1.13
2138,1.13
2139,1.13
2140,1.13
2141,1.13
2142,1.13
2143,1.13
2144,1.13
2145,1.13
2146,1.13
2147,1.13
2148,1.13
2149,1.13
2150,1.13
2151,1.13
2152,1.13
2153,1.13
2154,1.13
2155,1.13
2156,1.13
2157,1.13
2158,1.13
2159,1.13
2160,1.13
2161,1.13
2162,1.13
2163,1.13
2164,1.13
2165,1.13
2166,1.13
2167,1.13
2168,1.13
2169,1.13
2170,1.13
2171,1.13
2172,1.13
2173,1.13
2174,1.13
2175,1.13
2176,1.13
2177,1.13
2178,1.13
2179,1.13
2180,1.13
2181,1.13
2182,1.13
2183,1.13
2184,1.13
2185,1.13
2186,1.13
2187,1.13
2188,1.13
2189,1.13
2190,1.13
2191,1.13
2192,1.13
2193,1.1225391989434783
2194,1.1099357540381436
2195,1.0978378650858467
2196,1.0948953794347387
2197,1.0850011351930324
2198,1.0793142055493128
2199,1.0712612382131663
2200,1.069414048816686
2201,1.0587843187879096
2202,1.0530167048824959
2203,1.0483214668854097
2204,1.0433706224667365
2205,1.0357412757990865
2206,1.028565319562694
2207,1.0218522542055988
2208,1.0173301973830686
2209,1.013292644416328
2210,1.00829292809327
2211,1.0008434004530116
2212,0.995404635247332
2213,0.9906779396574976
2214,0.9866179118167206
2215,0.9813435246943689
2216,0.976679864516184
2217,0.9719289678528313
2218,0.9661644671170591
2219,0.9605539501504651
2220,0.9561542236491092
2221,0.9514782403557064
2222,0.9458159550592844
2223,0.9407106936607694
2224,0.936123981199814
2225,0.9298833387621157
2226,0.9238921144214426
2227,0.9184444545456644
2228,0.9144978631976455
2229,0.9100567683503947
2230,0.904981154584219
2231,0.9004168063448168
2232,0.8963427277376512
2233,0.8909002319738779
2234,0.887357787871839
2235,0.8834726863497852
2236,0.878405083984907
2237,0.8737345837648027
2238,0.8689810660189667
2239,0.864375770814137
2240,0.8606012926525458
2241,0.8557834960558623
2242,0.8513973414069458
2243,0.8464726967955865
2244,0.8425175688311639
2245,0.8379928646205943
2246,0.8339010366822608
2247,0.830279504354664
2248,0.8259466492610209
2249,0.8215993031900841
2250,0.817560672385725
2251,0.813384456028711
2252,0.8090788851141968
2253,0.8058788454882315
2254,0.8024323638947519
2255,0.7988288681432135
2256,0.7948032022244892
2257,0.7911616373029364
2258,0.7878197966578768
2259,0.7843141856730536
2260,0.7805776085118281
2261,0.777034935534477
2262,0.7734256775320995
2263,0.7701977053344581
2264,0.7667958826402844
2265,0.7632052879217581
2266,0.7595867921806174
2267,0.757056081123169
2268,0.753886555598863
2269,0.7508176727125226
2270,0.7473548152027987
2271,0.7445079546823026
2272,0.7414507808921655
2273,0.7384685915066942
2274,0.7356203517041229
2275,0.7326252550585739
2276,0.7297731629340405
2277,0.7270208052288347
2278,0.7240409383877033
2279,0.7212818105802191
2280,0.7183389550086798
2281,0.7155874622585001
2282,0.7128996464032843
2283,0.7099184032853942
2284,0.7071919257528215
2285,0.7044884370425372
2286,0.7021129750064774
2287,0.6994470778054829
2288,0.6969807745015152
2289,0.6943714184591683
2290,0.6919558279040054
2291,0.6893888024176376
2292,0.6868669645713796
2293,0.684450739879563
2294,0.682166234166058
2295,0.6796912361694113
2296,0.6773130530564349
2297,0.674875757748926
2298,0.6725177481303928
2299,0.6700187273084233
2300,0.6679028568398101
2301,0.6660590798116738
2302,0.663731960499576
2303,0.6615401665002469
2304,0.6593632937276207
2305,0.6575660275082159
2306,0.6556120464634922
2307,0.6540843514579562
2308,0.652129472152203
2309,0.6502963392097321
2310,0.6483756960100057
2311,0.6464020695165831
2312,0.6445246784862938
2313,0.6427197244414224
2314,0.6408517338286172
2315,0.6390708919862376
2316,0.6376812411979591
2317,0.6358174627955822
2318,0.6337770244024853
2319,0.6324410368075484
2320,0.6305379721168018
2321,0.62884235292826
2322,0.6270514143927773
2323,0.6253703684897775
2324,0.6236750466716339
2325,0.621885090276143
2326,0.6202202707283636
2327,0.6186650705232442
2328,0.6171739285713098
2329,0.6154355771534739
2330,0.6139125920074131
2331,0.6121542172158547
2332,0.6106972576558014
2333,0.609249794116868
2334,0.6077278041888823
2335,0.606300101293423
2336,0.6048346831025295
2337,0.603304811244727
2338,0.6019817501045901
2339,0.6004086468619754
2340,0.599122494260794
2341,0.5977014733661972
2342,0.5963669362573678
2343,0.5948423482719523
2344,0.5933790255700752
2345,0.5921133027611055
2346,0.5908358121352113
2347,0.5895077943989699
2348,0.5884225323572586
2349,0.5871744140305645
2350,0.5858213464706528
2351,0.584664873617526
2352,0.5832254657253143
2353,0.5819940942158177
2354,0.5808660717096163
2355,0.579415444394912
2356,0.5783697348064032
2357,0.5770425818522896
2358,0.5759132042623574
2359,0.5746716992549776
2360,0.5735209255432098
2361,0.5725125048286529
2362,0.5712677881145867
2363,0.5702127036789383
2364,0.569152579585193
2365,0.5682359185803074
2366,0.5670854429224087
2367,0.565932225303551
2368,0.5648963959708713
2369,0.5637060929012725
2370,0.5626910904333206
2371,0.5616710354000675
2372,0.5606199305115394
2373,0.5598191160026208
2374,0.5588217207834524
2375,0.5578583129300019
2376,0.5569911659176586
2377,0.5559425407502115
2378,0.5549533992834829
2379,0.5541073531816111
2380,0.5529884835215394
2381,0.552186695790085
2382,0.5514765826352485
2383,0.5504609757214038
2384,0.5494799790126118
2385,0.5486193298495824
2386,0.5477432509415621
2387,0.5468075898804716
2388,0.5458565682856942
2389,0.5450006545937853
2390,0.5440259238140416
2391,0.5433847724423517
2392,0.5427185656417999
2393,0.5420015942149855
2394,0.5411426484625543
2395,0.5403512361073188
2396,0.5395807884289422
2397,0.53886808445642
2398,0.5382820577940091
2399,0.5375831539163917
2400,0.53681007475173
2401,0.5360486744038443
2402,0.5353218118161538
2403,0.5346476686478913
2404,0.5338659160233536
2405,0.5332114446807343
2406,0.5325252306410959
2407,0.5317779913996913
2408,0.5311751027287062
2409,0.5304788134069341
2410,0.5299212808418194
2411,0.5292602169803791
2412,0.5286860872770925
2413,0.5279785071278194
2414,0.5273905332292855
2415,0.526896238850003
2416,0.5262892293651946
2417,0.5256865684599372
2418,0.5250851231742367
2419,0.5243985894763119
2420,0.5238351496284351
2421,0.5231612943348753
2422,0.5225344798957114
2423,0.5221831881926821
2424,0.5216714483016556
2425,0.521081743626379
2426,0.5205284369189564
2427,0.5200029305490929
2428,0.5193577958662678
2429,0.5186583167931126
2430,0.5182136448420291
2431,0.5176675501493989
2432,0.5170854252076651
2433,0.5164560418824362
2434,0.5159891299706725
2435,0.5154044330418821
2436,0.5148864639952513
2437,0.514321309040443
2438,0.513771421923091
2439,0.5133087424555555
2440,0.5127652908966162
2441,0.5123826315717147
2442,0.5118580297528766
2443,0.511273818911562
2444,0.5107593029382258
2445,0.5104695139879843
2446,0.5100453118174371
2447,0.5096017768710729
2448,0.5091934580628857
2449,0.5088289626624255
2450,0.5083022995483245
2451,0.5078856767955117
2452,0.5074498576385118
2453,0.5069026548975578
2454,0.5064563170568848
2455,0.5062318870814819
2456,0.5058744349578183
2457,0.5054523520305475
2458,0.5050657986309045
2459,0.5045502448631627
2460,0.5041862086435768
2461,0.5037995659651564
2462,0.5034707214193328
2463,0.503124099735785
2464,0.5027410874970505
2465,0.5023381179801587
2466,0.5019760331095608
2467,0.5016660939788337
2468,0.5012904482144442
2469,0.5008971042972259
2470,0.5005998111803935
2471,0.5003476871151142
2472,0.49995021028299974
2473,0.49946910006996764
2474,0.4991887915910107
2475,0.4990021370462807
2476,0.4985883103994495
2477,0.4981986438021776
2478,0.49801875351755703
2479,0.4977180537326417
2480,0.49731932113784477
2481,0.4969843430890358
2482,0.4967250339348247
2483,0.4964811271691794
2484,0.49606956344659864
2485,0.49573756909853217
2486,0.49542237280812595
2487,0.49514413376956634
2488,0.4947545486243551
2489,0.49428418985358763
2490,0.4939991938963987
2491,0.49376498428238824
2492,0.4934743255679781
2493,0.49308904675894905
2494,0.4927847697975941
2495,0.49245364851916507
2496,0.4920981560764779
2497,0.4918006185562295
2498,0.49141509005629425
2499,0.4911298636008498
2500,0.49080776164515105
2501,0.4905016980890332
2502,0.4902335201236961
2503,0.4898722440219466
2504,0.4895991741697362
2505,0.4892329172208398
2506,0.4889617940754283
2507,0.48863374407307736
2508,0.4884071226225116
2509,0.4880919098060776
2510,0.4878031631221874
2511,0.48763070046368456
2512,0.48729550784519354
2513,0.48708478607328043
2514,0.4867396268537051
2515,0.4865011951152403
2516,0.4863678847509067
2517,0.486152816359645
2518,0.48587631887615806
2519,0.485614356048296
2520,0.4853811322781776
2521,0.4851417719663849
2522,0.48496625041232877
2523,0.48485528515343884
2524,0.48465284709874235
2525,0.48432880132714534
2526,0.4841680632853351
2527,0.48392459369013596
2528,0.48350059314284993
2529,0.48325163838428337
2530,0.4830084352396825
2531,0.4828575233866067
2532,0.48260845772823946
2533,0.48226367947903015
2534,0.4820738397113461
2535,0.4817751982525459
2536,0.4814766749882531
2537,0.4811793144963387
2538,0.48093881983862313
2539,0.4806585845963326
2540,0.48054605265956624
2541,0.48030686880580997
2542,0.47997009698330045
2543,0.47985391496513086
2544,0.479606208525337
2545,0.47928610160483714
2546,0.4791584503041998
2547,0.4789880215516062
2548,0.4788066458036074
2549,0.47864529094461716
2550,0.4784231255001822
2551,0.4782772213830473
2552,0.4781755672399708
2553,0.4780500949523633
2554,0.47778831528133286
2555,0.4776020627204747
2556,0.47732741742804236
2557,0.47711615687315145
2558,0.47695489904599364
2559,0.47673195517624567
2560,0.4765531594833519
2561,0.47638676942707003
2562,0.47628189523240516
2563,0.47606422878239163
2564,0.4758750309946142
2565,0.4756690045993815
2566,0.4754543109285552
2567,0.4752837210953193
2568,0.4750950317422617
2569,0.4749402979174496
2570,0.47477010168802064
2571,0.47464725850519024
2572,0.4745664696056451
2573,0.4743428964751665
2574,0.4741262986344443
2575,0.47396904509021
2576,0.473761531333312
2577,0.47351622095336954
2578,0.4733530667820958
2579,0.4731951892098308
2580,0.4731055620638416
2581,0.47295718366848466
2582,0.4729693287707334
2583,0.472779278568292
2584,0.47261311481201934
2585,0.4723964910468499
2586,0.4721950578914708
2587,0.4720620698174775
2588,0.4719237093085225
2589,0.4717699192872035
2590,0.47172045196874274
2591,0.4716250354462515
2592,0.47148272592592105
2593,0.47136358300863035
2594,0.47119881984928236
2595,0.4709692799560409
2596,0.4709560297150437
2597,0.4708361274994379
2598,0.47076685597464335
2599,0.47058451690049935
2600,0.4703982541869046
2601,0.47020828370117107
2602,0.47013665194118287
2603,0.47005120733330363
2604,0.46990000293743184
2605,0.46973862918014575
2606,0.4696893884457174
2607,0.469595966006325
2608,0.46943688038767306
2609,0.4692605204692376
2610,0.4691477918895913
2611,0.4690632612366163
2612,0.4690249902333088
2613,0.4689794481485871
2614,0.46883066495433906
2615,0.46876009178169203
2616,0.4685902539307816
2617,0.4685446854690005
2618,0.46835787639688486
2619,0.4682507837464461
2620,0.46816360575104354
2621,0.46803148036992925
2622,0.46784796788866345
2623,0.4676772562619654
2624,0.467543746420037
2625,0.46746926651701415
2626,0.4673703271727449
2627,0.4673188966778472
2628,0.46717768263697257
2629,0.46700940562885446
2630,0.46688855685096614
2631,0.4667455811526633
2632,0.46669372268529713
2633,0.4665419207576809
2634,0.4663619467385079
2635,0.4662403649895763
2636,0.46606191510312567
2637,0.466009616235262
2638,0.4659160738920387
2639,0.4658221068637973
2640,0.4656422336925255
2641,0.46555689503918674
2642,0.46543117559225294
2643,0.46535070260922534
2644,0.4652833812857839
2645,0.46516284219660253
2646,0.46505286898774756
2647,0.46500314673770743
2648,0.4649128460400555
2649,0.4647591618862113
2650,0.46469668225976674
2651,0.4646107425257275
2652,0.4646060951537794
2653,0.4645088138276535
2654,0.4644533226724822
2655,0.4643465111676793
2656,0.46424251573806263
2657,0.4641417423276554
2658,0.4641008952035377
2659,0.4639862439322257
2660,0.4638777296837794
2661,0.4638598425052473
2662,0.46383572480012
2663,0.4638163594726347
2664,0.46365555712667067
2665,0.463639457284159
2666,0.46349810720423523
2667,0.463460267798013
2668,0.4633626048944256
2669,0.46331681820427245
2670,0.46329999260168614
2671,0.4631729637387353
2672,0.46316261579074824
2673,0.4630853860809954
2674,0.4630320432315231
2675,0.46289122356087087
2676,0.4628553365539524
2677,0.4628419337813796
2678,0.46277121606489535
2679,0.462685722964378
2680,0.46257098554707143
2681,0.4624919906268027
2682,0.46243865610188634
2683,0.4623312355946321
2684,0.4622056639638514
2685,0.4620776164073898
2686,0.46196365551789587
2687,0.46194717367899424
2688,0.4619019129629194
2689,0.46185422669573734
2690,0.4618342365196269
2691,0.4617769388644058
2692,0.4618541281714059
2693,0.4618655874605368
2694,0.4618438829046556
2695,0.46176369998085
2696,0.4616440411457056
2697,0.4616182024088863
2698,0.4616025206855208
2699,0.46157869991621514
2700,0.46141538663841847
2701,0.4613142912052168
2702,0.46131692471347047
2703,0.46122011452561684
2704,0.46121428946465826
2705,0.4610731586145269
2706,0.46103293347310886
2707,0.46087579306504545
2708,0.4608679046757988
2709,0.460827615650473
2710,0.46083311538036276
2711,0.46075237639801747
2712,0.4607458777800257
2713,0.46073273950476284
2714,0.4607728793702668
2715,0.46070905825029207
2716,0.4605740834196386
2717,0.4605370113666443
2718,0.4605884454391072
2719,0.46056700730044825
2720,0.46058980552194245
2721,0.4605245430253481
2722,0.46047856313715263
2723,0.46049174069464904
2724,0.4604274569434338
2725,0.4602911404210481
2726,0.4602831722986677
2727,0.4602455419909491
2728,0.4602017101130984
2729,0.4601095711588434
2730,0.46011371596108824
2731,0.45997909125158676
2732,0.4599243144211597
2733,0.4598978005181062
2734,0.4597955318477386
2735,0.4597171568456856
2736,0.45964835930141346
2737,0.45958572652012364
2738,0.4595481293306717
2739,0.4595622594305067
2740,0.45944275402633616
2741,0.4593780468307833
2742,0.45930697923934527
2743,0.45935169882846466
2744,0.4593329578984142
2745,0.4593438066386315
2746,0.4593592168009753
2747,0.45924366032045716
2748,0.4591690594480558
2749,0.4590787501556945
2750,0.4589448588315508
2751,0.45886660201913304
2752,0.4588201598584525
2753,0.458752529664025
2754,0.4587544144501736
2755,0.4586992403357822
2756,0.4587158133535428
2757,0.4586805322980209
2758,0.45862071491137163
2759,0.4586179960706365
2760,0.45860308964158664
2761,0.4585643448183464
2762,0.45853309611064824
2763,0.45851922705557435
2764,0.458462168418314
2765,0.4584223567503491
2766,0.4583300912161981
2767,0.45826074849425363
2768,0.4581535531267633
2769,0.4581850811528053
2770,0.4581884120672506
2771,0.4580448132353898
2772,0.45804688507070146
2773,0.458028012345195
2774,0.458095373726841
2775,0.4580757242672657
2776,0.4580915017674729
2777,0.4580019051439956
2778,0.4578455567165705
2779,0.4577971239827794
2780,0.4577462942263999
2781,0.4576720488029482
2782,0.4576407392296138
2783,0.4576044438715725
2784,0.4575995248065837
2785,0.45757643087956257
2786,0.4574762377811683
2787,0.45740493017648237
2788,0.45736605342934417
2789,0.4573629736007959
2790,0.457306766357978
2791,0.4573052852500781
2792,0.4573634750573562
2793,0.4573325274230846
2794,0.45728065748807056
2795,0.45726371567551893
2796,0.457311125529822
2797,0.4572730933083616
2798,0.45718416101101766
2799,0.45720733976351746
2800,0.45718828095680375
